source,target,edge_type,source_type,target_type,weight
TP53,CDKN1A,regulation,Protein,Gene,0.95
CDKN2A,RB1,regulation,Protein,Protein,0.9
SIRT1,TP53,regulation,Protein,Protein,0.85
SIRT1,FOXO3,interaction,Protein,Protein,0.88
MTOR,RPS6KB1,regulation,Protein,Protein,0.92
AKT1,MTOR,regulation,Protein,Protein,0.94
AKT1,FOXO3,regulation,Protein,Protein,0.89
IL6,STAT3,regulation,Protein,Protein,0.91
TNF,NFKB1,regulation,Protein,Protein,0.93
NFKB1,IL6,regulation,Protein,Gene,0.87
TERT,POT1,interaction,Protein,Protein,0.86
ATM,TP53,regulation,Protein,Protein,0.94
ELOVL2,FHL2,association,Gene,Gene,0.72
FHL2,TP53,interaction,Protein,Protein,0.78
SOD2,FOXO3,regulation,Gene,Protein,0.8
GDF15,TP53,regulation,Gene,Protein,0.81
KLOTHO,IGF1,regulation,Protein,Protein,0.84
DNMT1,ELOVL2,regulation,Protein,Gene,0.79
